<?xml version="1.0" encoding="UTF-8"?>
<metadata xml:lang="en"><Esri><CreaDate>20250805</CreaDate><CreaTime>13271500</CreaTime><ArcGISFormat>1.0</ArcGISFormat><SyncOnce>FALSE</SyncOnce><DataProperties><itemProps><itemName Sync="TRUE">RUCA_Tracts</itemName><imsContentType Sync="TRUE">002</imsContentType><itemSize Sync="TRUE">0.000</itemSize><itemLocation><linkage Sync="TRUE">file://\\DLA-5CG3103TPZ\C$\SSDBackup\Census2020\RUCA\RUCA_Tracts.shp</linkage><protocol Sync="TRUE">Local Area Network</protocol></itemLocation></itemProps><coordRef><type Sync="TRUE">Geographic</type><geogcsn Sync="TRUE">GCS_North_American_1983</geogcsn><csUnits Sync="TRUE">Angular Unit: Degree (0.017453)</csUnits><peXml Sync="TRUE">&lt;GeographicCoordinateSystem xsi:type='typens:GeographicCoordinateSystem' xmlns:xsi='http://www.w3.org/2001/XMLSchema-instance' xmlns:xs='http://www.w3.org/2001/XMLSchema' xmlns:typens='http://www.esri.com/schemas/ArcGIS/3.3.0'&gt;&lt;WKT&gt;GEOGCS[&amp;quot;GCS_North_American_1983&amp;quot;,DATUM[&amp;quot;D_North_American_1983&amp;quot;,SPHEROID[&amp;quot;GRS_1980&amp;quot;,6378137.0,298.257222101]],PRIMEM[&amp;quot;Greenwich&amp;quot;,0.0],UNIT[&amp;quot;Degree&amp;quot;,0.0174532925199433],AUTHORITY[&amp;quot;EPSG&amp;quot;,4269]]&lt;/WKT&gt;&lt;XOrigin&gt;-400&lt;/XOrigin&gt;&lt;YOrigin&gt;-400&lt;/YOrigin&gt;&lt;XYScale&gt;11258999068426.238&lt;/XYScale&gt;&lt;ZOrigin&gt;-100000&lt;/ZOrigin&gt;&lt;ZScale&gt;10000&lt;/ZScale&gt;&lt;MOrigin&gt;-100000&lt;/MOrigin&gt;&lt;MScale&gt;10000&lt;/MScale&gt;&lt;XYTolerance&gt;8.983152841195215e-09&lt;/XYTolerance&gt;&lt;ZTolerance&gt;0.001&lt;/ZTolerance&gt;&lt;MTolerance&gt;0.001&lt;/MTolerance&gt;&lt;HighPrecision&gt;true&lt;/HighPrecision&gt;&lt;LeftLongitude&gt;-180&lt;/LeftLongitude&gt;&lt;WKID&gt;4269&lt;/WKID&gt;&lt;LatestWKID&gt;4269&lt;/LatestWKID&gt;&lt;/GeographicCoordinateSystem&gt;</peXml></coordRef><lineage><Process ToolSource="c:\program files\arcgis\pro\Resources\ArcToolbox\toolboxes\Conversion Tools.tbx\ExportFeatures" Date="20250805" Time="132715">ExportFeatures tl_2023_08_tract C:\SSDBackup\Census2020\RUCA\RUCA_Tracts_2020.shp # NOT_USE_ALIAS "STATEFP "STATEFP" true true false 2 Text 0 0,First,#,tl_2023_08_tract,tl_2023_08_tract.STATEFP,0,1;COUNTYFP "COUNTYFP" true true false 3 Text 0 0,First,#,tl_2023_08_tract,tl_2023_08_tract.COUNTYFP,0,2;TRACTCE "TRACTCE" true true false 6 Text 0 0,First,#,tl_2023_08_tract,tl_2023_08_tract.TRACTCE,0,5;GEOID "GEOID" true true false 11 Text 0 0,First,#,tl_2023_08_tract,tl_2023_08_tract.GEOID,0,10;GEOIDFQ "GEOIDFQ" true true false 20 Text 0 0,First,#,tl_2023_08_tract,tl_2023_08_tract.GEOIDFQ,0,19;NAME "NAME" true true false 7 Text 0 0,First,#,tl_2023_08_tract,tl_2023_08_tract.NAME,0,6;NAMELSAD "NAMELSAD" true true false 20 Text 0 0,First,#,tl_2023_08_tract,tl_2023_08_tract.NAMELSAD,0,19;MTFCC "MTFCC" true true false 5 Text 0 0,First,#,tl_2023_08_tract,tl_2023_08_tract.MTFCC,0,4;FUNCSTAT "FUNCSTAT" true true false 1 Text 0 0,First,#,tl_2023_08_tract,tl_2023_08_tract.FUNCSTAT,0,0;ALAND "ALAND" true true false 14 Double 0 14,First,#,tl_2023_08_tract,tl_2023_08_tract.ALAND,-1,-1;AWATER "AWATER" true true false 14 Double 0 14,First,#,tl_2023_08_tract,tl_2023_08_tract.AWATER,-1,-1;INTPTLAT "INTPTLAT" true true false 11 Text 0 0,First,#,tl_2023_08_tract,tl_2023_08_tract.INTPTLAT,0,10;INTPTLON "INTPTLON" true true false 12 Text 0 0,First,#,tl_2023_08_tract,tl_2023_08_tract.INTPTLON,0,11;TractFIPS23 "TractFIPS23" true true false 255 Text 0 0,First,#,tl_2023_08_tract,T_RUCA_codes_2020_tract$_.TractFIPS23,0,254;CountyFIPS23 "CountyFIPS23" true true false 255 Text 0 0,First,#,tl_2023_08_tract,T_RUCA_codes_2020_tract$_.CountyFIPS23,0,254;CountyCode23 "CountyCode23" true true false 255 Text 0 0,First,#,tl_2023_08_tract,T_RUCA_codes_2020_tract$_.CountyCode23,0,254;CountyName23 "CountyName23" true true false 255 Text 0 0,First,#,tl_2023_08_tract,T_RUCA_codes_2020_tract$_.CountyName23,0,254;TractFIPS20 "TractFIPS20" true true false 255 Text 0 0,First,#,tl_2023_08_tract,T_RUCA_codes_2020_tract$_.TractFIPS20,0,254;TractCode20 "TractCode20" true true false 255 Text 0 0,First,#,tl_2023_08_tract,T_RUCA_codes_2020_tract$_.TractCode20,0,254;TractName20 "TractName20" true true false 255 Text 0 0,First,#,tl_2023_08_tract,T_RUCA_codes_2020_tract$_.TractName20,0,254;CountyFIPS20 "CountyFIPS20" true true false 255 Text 0 0,First,#,tl_2023_08_tract,T_RUCA_codes_2020_tract$_.CountyFIPS20,0,254;CountyCode20 "CountyCode20" true true false 255 Text 0 0,First,#,tl_2023_08_tract,T_RUCA_codes_2020_tract$_.CountyCode20,0,254;CountyName20 "CountyName20" true true false 255 Text 0 0,First,#,tl_2023_08_tract,T_RUCA_codes_2020_tract$_.CountyName20,0,254;StateFIPS20 "StateFIPS20" true true false 255 Text 0 0,First,#,tl_2023_08_tract,T_RUCA_codes_2020_tract$_.StateFIPS20,0,254;StateName20 "StateName20" true true false 255 Text 0 0,First,#,tl_2023_08_tract,T_RUCA_codes_2020_tract$_.StateName20,0,254;UrbanAreaCode20 "UrbanAreaCode20" true true false 8 Double 0 0,First,#,tl_2023_08_tract,T_RUCA_codes_2020_tract$_.UrbanAreaCode20,-1,-1;UrbanAreaName20 "UrbanAreaName20" true true false 255 Text 0 0,First,#,tl_2023_08_tract,T_RUCA_codes_2020_tract$_.UrbanAreaName20,0,254;UrbanCore "UrbanCore" true true false 8 Double 0 0,First,#,tl_2023_08_tract,T_RUCA_codes_2020_tract$_.UrbanCore,-1,-1;UrbanCoreType "UrbanCoreType" true true false 255 Text 0 0,First,#,tl_2023_08_tract,T_RUCA_codes_2020_tract$_.UrbanCoreType,0,254;PrimaryRUCA "PrimaryRUCA" true true false 8 Double 0 0,First,#,tl_2023_08_tract,T_RUCA_codes_2020_tract$_.PrimaryRUCA,-1,-1;PrimaryRUCADescription "PrimaryRUCADescription" true true false 255 Text 0 0,First,#,tl_2023_08_tract,T_RUCA_codes_2020_tract$_.PrimaryRUCADescription,0,254;PrimaryDestinationCode "PrimaryDestinationCode" true true false 8 Double 0 0,First,#,tl_2023_08_tract,T_RUCA_codes_2020_tract$_.PrimaryDestinationCode,-1,-1;PrimaryDestinationName "PrimaryDestinationName" true true false 255 Text 0 0,First,#,tl_2023_08_tract,T_RUCA_codes_2020_tract$_.PrimaryDestinationName,0,254;SecondaryRUCA "SecondaryRUCA" true true false 8 Double 0 0,First,#,tl_2023_08_tract,T_RUCA_codes_2020_tract$_.SecondaryRUCA,-1,-1;SecondaryRUCADescription "SecondaryRUCADescription" true true false 255 Text 0 0,First,#,tl_2023_08_tract,T_RUCA_codes_2020_tract$_.SecondaryRUCADescription,0,254;SecondaryDestinationCode "SecondaryDestinationCode" true true false 8 Double 0 0,First,#,tl_2023_08_tract,T_RUCA_codes_2020_tract$_.SecondaryDestinationCode,-1,-1;SecondaryDestinationName "SecondaryDestinationName" true true false 255 Text 0 0,First,#,tl_2023_08_tract,T_RUCA_codes_2020_tract$_.SecondaryDestinationName,0,254;Population "Population" true true false 8 Double 0 0,First,#,tl_2023_08_tract,T_RUCA_codes_2020_tract$_.Population,-1,-1;LandArea "LandArea" true true false 8 Double 0 0,First,#,tl_2023_08_tract,T_RUCA_codes_2020_tract$_.LandArea,-1,-1;PopDensity "PopDensity" true true false 8 Double 0 0,First,#,tl_2023_08_tract,T_RUCA_codes_2020_tract$_.PopDensity,-1,-1;ObjectID "ObjectID" false true false 4 Long 0 9,First,#,tl_2023_08_tract,T_RUCA_codes_2020_tract$_.ObjectID,-1,-1" #</Process><Process ToolSource="c:\program files\arcgis\pro\Resources\ArcToolbox\toolboxes\Data Management Tools.tbx\UpdateSchema" Date="20250805" Time="133111">UpdateSchema "CIMDATA=&lt;CIMStandardDataConnection xsi:type='typens:CIMStandardDataConnection' xmlns:xsi='http://www.w3.org/2001/XMLSchema-instance' xmlns:xs='http://www.w3.org/2001/XMLSchema' xmlns:typens='http://www.esri.com/schemas/ArcGIS/3.3.0'&gt;&lt;WorkspaceConnectionString&gt;DATABASE=C:\SSDBackup\Census2020\RUCA&lt;/WorkspaceConnectionString&gt;&lt;WorkspaceFactory&gt;Shapefile&lt;/WorkspaceFactory&gt;&lt;Dataset&gt;RUCA_Tracts_2020&lt;/Dataset&gt;&lt;DatasetType&gt;esriDTFeatureClass&lt;/DatasetType&gt;&lt;/CIMStandardDataConnection&gt;" &lt;operationSequence&gt;&lt;workflow&gt;&lt;AddField&gt;&lt;field_name&gt;RUCA&lt;/field_name&gt;&lt;field_type&gt;DOUBLE&lt;/field_type&gt;&lt;field_is_nullable&gt;False&lt;/field_is_nullable&gt;&lt;field_is_required&gt;False&lt;/field_is_required&gt;&lt;/AddField&gt;&lt;/workflow&gt;&lt;workflow&gt;&lt;AddField&gt;&lt;field_name&gt;S_RUCA&lt;/field_name&gt;&lt;field_type&gt;DOUBLE&lt;/field_type&gt;&lt;field_is_nullable&gt;False&lt;/field_is_nullable&gt;&lt;field_is_required&gt;False&lt;/field_is_required&gt;&lt;/AddField&gt;&lt;/workflow&gt;&lt;workflow&gt;&lt;AddField&gt;&lt;field_name&gt;POP2020&lt;/field_name&gt;&lt;field_type&gt;DOUBLE&lt;/field_type&gt;&lt;field_is_nullable&gt;False&lt;/field_is_nullable&gt;&lt;field_is_required&gt;False&lt;/field_is_required&gt;&lt;/AddField&gt;&lt;/workflow&gt;&lt;workflow&gt;&lt;AddField&gt;&lt;field_name&gt;AREAsqmi&lt;/field_name&gt;&lt;field_type&gt;DOUBLE&lt;/field_type&gt;&lt;field_is_nullable&gt;False&lt;/field_is_nullable&gt;&lt;field_is_required&gt;False&lt;/field_is_required&gt;&lt;/AddField&gt;&lt;/workflow&gt;&lt;workflow&gt;&lt;AddField&gt;&lt;field_name&gt;PopPerSqMi&lt;/field_name&gt;&lt;field_type&gt;DOUBLE&lt;/field_type&gt;&lt;field_is_nullable&gt;False&lt;/field_is_nullable&gt;&lt;field_is_required&gt;False&lt;/field_is_required&gt;&lt;/AddField&gt;&lt;/workflow&gt;&lt;/operationSequence&gt;</Process><Process ToolSource="c:\program files\arcgis\pro\Resources\ArcToolbox\toolboxes\Data Management Tools.tbx\CalculateField" Date="20250805" Time="133950">CalculateField RUCA_Tracts_2020 RUCA !PrimaryRUC! Python # Text NO_ENFORCE_DOMAINS</Process><Process ToolSource="c:\program files\arcgis\pro\Resources\ArcToolbox\toolboxes\Data Management Tools.tbx\CalculateField" Date="20250805" Time="134002">CalculateField RUCA_Tracts_2020 S_RUCA !SecondaryR! Python # Text NO_ENFORCE_DOMAINS</Process><Process ToolSource="c:\program files\arcgis\pro\Resources\ArcToolbox\toolboxes\Data Management Tools.tbx\CalculateField" Date="20250805" Time="134015">CalculateField RUCA_Tracts_2020 POP2020 !Population! Python # Text NO_ENFORCE_DOMAINS</Process><Process ToolSource="c:\program files\arcgis\pro\Resources\ArcToolbox\toolboxes\Data Management Tools.tbx\CalculateField" Date="20250805" Time="134023">CalculateField RUCA_Tracts_2020 AREAsqmi !LandArea! Python # Text NO_ENFORCE_DOMAINS</Process><Process ToolSource="c:\program files\arcgis\pro\Resources\ArcToolbox\toolboxes\Data Management Tools.tbx\CalculateField" Date="20250805" Time="134034">CalculateField RUCA_Tracts_2020 PopPerSqMi !PopDensity! Python # Text NO_ENFORCE_DOMAINS</Process><Process ToolSource="c:\program files\arcgis\pro\Resources\ArcToolbox\toolboxes\Conversion Tools.tbx\ExportFeatures" Date="20250805" Time="134146">ExportFeatures RUCA_Tracts_2020 C:\SSDBackup\Census2020\RUCA\RUCA_Tracts.shp # NOT_USE_ALIAS "STATEFP "STATEFP" true true false 2 Text 0 0,First,#,RUCA_Tracts_2020,STATEFP,0,1;COUNTYFP "COUNTYFP" true true false 3 Text 0 0,First,#,RUCA_Tracts_2020,COUNTYFP,0,2;TRACTCE "TRACTCE" true true false 6 Text 0 0,First,#,RUCA_Tracts_2020,TRACTCE,0,5;GEOID "GEOID" true true false 11 Text 0 0,First,#,RUCA_Tracts_2020,GEOID,0,10;GEOIDFQ "GEOIDFQ" true true false 20 Text 0 0,First,#,RUCA_Tracts_2020,GEOIDFQ,0,19;NAME "NAME" true true false 7 Text 0 0,First,#,RUCA_Tracts_2020,NAME,0,6;NAMELSAD "NAMELSAD" true true false 20 Text 0 0,First,#,RUCA_Tracts_2020,NAMELSAD,0,19;MTFCC "MTFCC" true true false 5 Text 0 0,First,#,RUCA_Tracts_2020,MTFCC,0,4;FUNCSTAT "FUNCSTAT" true true false 1 Text 0 0,First,#,RUCA_Tracts_2020,FUNCSTAT,0,0;ALAND "ALAND" true true false 14 Double 0 14,First,#,RUCA_Tracts_2020,ALAND,-1,-1;AWATER "AWATER" true true false 14 Double 0 14,First,#,RUCA_Tracts_2020,AWATER,-1,-1;INTPTLAT "INTPTLAT" true true false 11 Text 0 0,First,#,RUCA_Tracts_2020,INTPTLAT,0,10;INTPTLON "INTPTLON" true true false 12 Text 0 0,First,#,RUCA_Tracts_2020,INTPTLON,0,11;TractFIPS2 "TractFIPS2" true true false 254 Text 0 0,First,#,RUCA_Tracts_2020,TractFIPS2,0,253;CountyFIPS "CountyFIPS" true true false 254 Text 0 0,First,#,RUCA_Tracts_2020,CountyFIPS,0,253;CountyCode "CountyCode" true true false 254 Text 0 0,First,#,RUCA_Tracts_2020,CountyCode,0,253;CountyName "CountyName" true true false 254 Text 0 0,First,#,RUCA_Tracts_2020,CountyName,0,253;TractFIP_1 "TractFIP_1" true true false 254 Text 0 0,First,#,RUCA_Tracts_2020,TractFIP_1,0,253;TractCode2 "TractCode2" true true false 254 Text 0 0,First,#,RUCA_Tracts_2020,TractCode2,0,253;TractName2 "TractName2" true true false 254 Text 0 0,First,#,RUCA_Tracts_2020,TractName2,0,253;CountyFI_1 "CountyFI_1" true true false 254 Text 0 0,First,#,RUCA_Tracts_2020,CountyFI_1,0,253;CountyCo_1 "CountyCo_1" true true false 254 Text 0 0,First,#,RUCA_Tracts_2020,CountyCo_1,0,253;CountyNa_1 "CountyNa_1" true true false 254 Text 0 0,First,#,RUCA_Tracts_2020,CountyNa_1,0,253;StateFIPS2 "StateFIPS2" true true false 254 Text 0 0,First,#,RUCA_Tracts_2020,StateFIPS2,0,253;StateName2 "StateName2" true true false 254 Text 0 0,First,#,RUCA_Tracts_2020,StateName2,0,253;UrbanAreaC "UrbanAreaC" true true false 19 Double 0 0,First,#,RUCA_Tracts_2020,UrbanAreaC,-1,-1;UrbanAreaN "UrbanAreaN" true true false 254 Text 0 0,First,#,RUCA_Tracts_2020,UrbanAreaN,0,253;UrbanCore "UrbanCore" true true false 19 Double 0 0,First,#,RUCA_Tracts_2020,UrbanCore,-1,-1;UrbanCoreT "UrbanCoreT" true true false 254 Text 0 0,First,#,RUCA_Tracts_2020,UrbanCoreT,0,253;PrimaryRUC "PrimaryRUC" true true false 19 Double 0 0,First,#,RUCA_Tracts_2020,PrimaryRUC,-1,-1;PrimaryR_1 "PrimaryR_1" true true false 254 Text 0 0,First,#,RUCA_Tracts_2020,PrimaryR_1,0,253;PrimaryDes "PrimaryDes" true true false 19 Double 0 0,First,#,RUCA_Tracts_2020,PrimaryDes,-1,-1;PrimaryD_1 "PrimaryD_1" true true false 254 Text 0 0,First,#,RUCA_Tracts_2020,PrimaryD_1,0,253;SecondaryR "SecondaryR" true true false 19 Double 0 0,First,#,RUCA_Tracts_2020,SecondaryR,-1,-1;Secondar_1 "Secondar_1" true true false 254 Text 0 0,First,#,RUCA_Tracts_2020,Secondar_1,0,253;SecondaryD "SecondaryD" true true false 19 Double 0 0,First,#,RUCA_Tracts_2020,SecondaryD,-1,-1;Secondar_2 "Secondar_2" true true false 254 Text 0 0,First,#,RUCA_Tracts_2020,Secondar_2,0,253;Population "Population" true true false 19 Double 0 0,First,#,RUCA_Tracts_2020,Population,-1,-1;LandArea "LandArea" true true false 19 Double 0 0,First,#,RUCA_Tracts_2020,LandArea,-1,-1;PopDensity "PopDensity" true true false 19 Double 0 0,First,#,RUCA_Tracts_2020,PopDensity,-1,-1;ObjectID_1 "ObjectID_1" true true false 9 Long 0 9,First,#,RUCA_Tracts_2020,ObjectID_1,-1,-1;RUCA "RUCA" true true false 19 Double 0 0,First,#,RUCA_Tracts_2020,RUCA,-1,-1;S_RUCA "S_RUCA" true true false 19 Double 0 0,First,#,RUCA_Tracts_2020,S_RUCA,-1,-1;POP2020 "POP2020" true true false 19 Double 0 0,First,#,RUCA_Tracts_2020,POP2020,-1,-1;AREAsqmi "AREAsqmi" true true false 19 Double 0 0,First,#,RUCA_Tracts_2020,AREAsqmi,-1,-1;PopPerSqMi "PopPerSqMi" true true false 19 Double 0 0,First,#,RUCA_Tracts_2020,PopPerSqMi,-1,-1" #</Process><Process ToolSource="c:\program files\arcgis\pro\Resources\ArcToolbox\toolboxes\Data Management Tools.tbx\DeleteField" Date="20250805" Time="134250">DeleteField RUCA_Tracts STATEFP;COUNTYFP;TRACTCE;GEOIDFQ;NAMELSAD;MTFCC;FUNCSTAT;ALAND;AWATER;INTPTLAT;INTPTLON;TractFIPS2;CountyFIPS;CountyCode;CountyName;TractFIP_1;TractCode2;TractName2;CountyFI_1;CountyCo_1;CountyNa_1;StateFIPS2;StateName2;UrbanAreaC;UrbanAreaN;UrbanCore;UrbanCoreT;PrimaryRUC;PrimaryR_1;PrimaryDes;PrimaryD_1;SecondaryR;Secondar_1;SecondaryD;Secondar_2;Population;LandArea;PopDensity;ObjectID_1 "Delete Fields"</Process></lineage></DataProperties><SyncDate>20250805</SyncDate><SyncTime>13414600</SyncTime><ModDate>20250805</ModDate><ModTime>13414600</ModTime></Esri><dataIdInfo><envirDesc Sync="TRUE">Microsoft Windows 10 Version 10.0 (Build 22621) ; Esri ArcGIS 13.3.2.52636</envirDesc><dataLang><languageCode value="eng" Sync="TRUE"></languageCode><countryCode value="USA" Sync="TRUE"></countryCode></dataLang><idCitation><resTitle Sync="TRUE">RUCA_Tracts</resTitle><presForm><PresFormCd value="005" Sync="TRUE"></PresFormCd></presForm></idCitation><spatRpType><SpatRepTypCd value="001" Sync="TRUE"></SpatRepTypCd></spatRpType></dataIdInfo><mdLang><languageCode value="eng" Sync="TRUE"></languageCode><countryCode value="USA" Sync="TRUE"></countryCode></mdLang><mdChar><CharSetCd value="004" Sync="TRUE"></CharSetCd></mdChar><distInfo><distFormat><formatName Sync="TRUE">Shapefile</formatName></distFormat><distTranOps><transSize Sync="TRUE">0.000</transSize></distTranOps></distInfo><mdHrLv><ScopeCd value="005" Sync="TRUE"></ScopeCd></mdHrLv><mdHrLvName Sync="TRUE">dataset</mdHrLvName><refSysInfo><RefSystem><refSysID><identCode code="4269" Sync="TRUE"></identCode><idCodeSpace Sync="TRUE">EPSG</idCodeSpace><idVersion Sync="TRUE">6.5(3.0.1)</idVersion></refSysID></RefSystem></refSysInfo><spatRepInfo><VectSpatRep><geometObjs Name="RUCA_Tracts"><geoObjTyp><GeoObjTypCd value="002" Sync="TRUE"></GeoObjTypCd></geoObjTyp><geoObjCnt Sync="TRUE">0</geoObjCnt></geometObjs><topLvl><TopoLevCd value="001" Sync="TRUE"></TopoLevCd></topLvl></VectSpatRep></spatRepInfo><spdoinfo><ptvctinf><esriterm Name="RUCA_Tracts"><efeatyp Sync="TRUE">Simple</efeatyp><efeageom code="4" Sync="TRUE"></efeageom><esritopo Sync="TRUE">FALSE</esritopo><efeacnt Sync="TRUE">0</efeacnt><spindex Sync="TRUE">FALSE</spindex><linrefer Sync="TRUE">FALSE</linrefer></esriterm></ptvctinf></spdoinfo><eainfo><detailed Name="RUCA_Tracts"><enttyp><enttypl Sync="TRUE">RUCA_Tracts</enttypl><enttypt Sync="TRUE">Feature Class</enttypt><enttypc Sync="TRUE">0</enttypc></enttyp><attr><attrlabl Sync="TRUE">FID</attrlabl><attalias Sync="TRUE">FID</attalias><attrtype Sync="TRUE">OID</attrtype><attwidth Sync="TRUE">4</attwidth><atprecis Sync="TRUE">0</atprecis><attscale Sync="TRUE">0</attscale><attrdef Sync="TRUE">Internal feature number.</attrdef><attrdefs Sync="TRUE">Esri</attrdefs><attrdomv><udom Sync="TRUE">Sequential unique whole numbers that are automatically generated.</udom></attrdomv></attr><attr><attrlabl Sync="TRUE">Shape</attrlabl><attalias Sync="TRUE">Shape</attalias><attrtype Sync="TRUE">Geometry</attrtype><attwidth Sync="TRUE">0</attwidth><atprecis Sync="TRUE">0</atprecis><attscale Sync="TRUE">0</attscale><attrdef Sync="TRUE">Feature geometry.</attrdef><attrdefs Sync="TRUE">Esri</attrdefs><attrdomv><udom Sync="TRUE">Coordinates defining the features.</udom></attrdomv></attr><attr><attrlabl Sync="TRUE">STATEFP</attrlabl><attalias Sync="TRUE">STATEFP</attalias><attrtype Sync="TRUE">String</attrtype><attwidth Sync="TRUE">2</attwidth><atprecis Sync="TRUE">0</atprecis><attscale Sync="TRUE">0</attscale></attr><attr><attrlabl Sync="TRUE">COUNTYFP</attrlabl><attalias Sync="TRUE">COUNTYFP</attalias><attrtype Sync="TRUE">String</attrtype><attwidth Sync="TRUE">3</attwidth><atprecis Sync="TRUE">0</atprecis><attscale Sync="TRUE">0</attscale></attr><attr><attrlabl Sync="TRUE">TRACTCE</attrlabl><attalias Sync="TRUE">TRACTCE</attalias><attrtype Sync="TRUE">String</attrtype><attwidth Sync="TRUE">6</attwidth><atprecis Sync="TRUE">0</atprecis><attscale Sync="TRUE">0</attscale></attr><attr><attrlabl Sync="TRUE">GEOID</attrlabl><attalias Sync="TRUE">GEOID</attalias><attrtype Sync="TRUE">String</attrtype><attwidth Sync="TRUE">11</attwidth><atprecis Sync="TRUE">0</atprecis><attscale Sync="TRUE">0</attscale></attr><attr><attrlabl Sync="TRUE">GEOIDFQ</attrlabl><attalias Sync="TRUE">GEOIDFQ</attalias><attrtype Sync="TRUE">String</attrtype><attwidth Sync="TRUE">20</attwidth><atprecis Sync="TRUE">0</atprecis><attscale Sync="TRUE">0</attscale></attr><attr><attrlabl Sync="TRUE">NAME</attrlabl><attalias Sync="TRUE">NAME</attalias><attrtype Sync="TRUE">String</attrtype><attwidth Sync="TRUE">7</attwidth><atprecis Sync="TRUE">0</atprecis><attscale Sync="TRUE">0</attscale></attr><attr><attrlabl Sync="TRUE">NAMELSAD</attrlabl><attalias Sync="TRUE">NAMELSAD</attalias><attrtype Sync="TRUE">String</attrtype><attwidth Sync="TRUE">20</attwidth><atprecis Sync="TRUE">0</atprecis><attscale Sync="TRUE">0</attscale></attr><attr><attrlabl Sync="TRUE">MTFCC</attrlabl><attalias Sync="TRUE">MTFCC</attalias><attrtype Sync="TRUE">String</attrtype><attwidth Sync="TRUE">5</attwidth><atprecis Sync="TRUE">0</atprecis><attscale Sync="TRUE">0</attscale></attr><attr><attrlabl Sync="TRUE">FUNCSTAT</attrlabl><attalias Sync="TRUE">FUNCSTAT</attalias><attrtype Sync="TRUE">String</attrtype><attwidth Sync="TRUE">1</attwidth><atprecis Sync="TRUE">0</atprecis><attscale Sync="TRUE">0</attscale></attr><attr><attrlabl Sync="TRUE">ALAND</attrlabl><attalias Sync="TRUE">ALAND</attalias><attrtype Sync="TRUE">Double</attrtype><attwidth Sync="TRUE">14</attwidth><atprecis Sync="TRUE">14</atprecis><attscale Sync="TRUE">0</attscale></attr><attr><attrlabl Sync="TRUE">AWATER</attrlabl><attalias Sync="TRUE">AWATER</attalias><attrtype Sync="TRUE">Double</attrtype><attwidth Sync="TRUE">14</attwidth><atprecis Sync="TRUE">14</atprecis><attscale Sync="TRUE">0</attscale></attr><attr><attrlabl Sync="TRUE">INTPTLAT</attrlabl><attalias Sync="TRUE">INTPTLAT</attalias><attrtype Sync="TRUE">String</attrtype><attwidth Sync="TRUE">11</attwidth><atprecis Sync="TRUE">0</atprecis><attscale Sync="TRUE">0</attscale></attr><attr><attrlabl Sync="TRUE">INTPTLON</attrlabl><attalias Sync="TRUE">INTPTLON</attalias><attrtype Sync="TRUE">String</attrtype><attwidth Sync="TRUE">12</attwidth><atprecis Sync="TRUE">0</atprecis><attscale Sync="TRUE">0</attscale></attr><attr><attrlabl Sync="TRUE">TractFIPS2</attrlabl><attalias Sync="TRUE">TractFIPS2</attalias><attrtype Sync="TRUE">String</attrtype><attwidth Sync="TRUE">254</attwidth><atprecis Sync="TRUE">0</atprecis><attscale Sync="TRUE">0</attscale></attr><attr><attrlabl Sync="TRUE">CountyFIPS</attrlabl><attalias Sync="TRUE">CountyFIPS</attalias><attrtype Sync="TRUE">String</attrtype><attwidth Sync="TRUE">254</attwidth><atprecis Sync="TRUE">0</atprecis><attscale Sync="TRUE">0</attscale></attr><attr><attrlabl Sync="TRUE">CountyCode</attrlabl><attalias Sync="TRUE">CountyCode</attalias><attrtype Sync="TRUE">String</attrtype><attwidth Sync="TRUE">254</attwidth><atprecis Sync="TRUE">0</atprecis><attscale Sync="TRUE">0</attscale></attr><attr><attrlabl Sync="TRUE">CountyName</attrlabl><attalias Sync="TRUE">CountyName</attalias><attrtype Sync="TRUE">String</attrtype><attwidth Sync="TRUE">254</attwidth><atprecis Sync="TRUE">0</atprecis><attscale Sync="TRUE">0</attscale></attr><attr><attrlabl Sync="TRUE">TractFIP_1</attrlabl><attalias Sync="TRUE">TractFIP_1</attalias><attrtype Sync="TRUE">String</attrtype><attwidth Sync="TRUE">254</attwidth><atprecis Sync="TRUE">0</atprecis><attscale Sync="TRUE">0</attscale></attr><attr><attrlabl Sync="TRUE">TractCode2</attrlabl><attalias Sync="TRUE">TractCode2</attalias><attrtype Sync="TRUE">String</attrtype><attwidth Sync="TRUE">254</attwidth><atprecis Sync="TRUE">0</atprecis><attscale Sync="TRUE">0</attscale></attr><attr><attrlabl Sync="TRUE">TractName2</attrlabl><attalias Sync="TRUE">TractName2</attalias><attrtype Sync="TRUE">String</attrtype><attwidth Sync="TRUE">254</attwidth><atprecis Sync="TRUE">0</atprecis><attscale Sync="TRUE">0</attscale></attr><attr><attrlabl Sync="TRUE">CountyFI_1</attrlabl><attalias Sync="TRUE">CountyFI_1</attalias><attrtype Sync="TRUE">String</attrtype><attwidth Sync="TRUE">254</attwidth><atprecis Sync="TRUE">0</atprecis><attscale Sync="TRUE">0</attscale></attr><attr><attrlabl Sync="TRUE">CountyCo_1</attrlabl><attalias Sync="TRUE">CountyCo_1</attalias><attrtype Sync="TRUE">String</attrtype><attwidth Sync="TRUE">254</attwidth><atprecis Sync="TRUE">0</atprecis><attscale Sync="TRUE">0</attscale></attr><attr><attrlabl Sync="TRUE">CountyNa_1</attrlabl><attalias Sync="TRUE">CountyNa_1</attalias><attrtype Sync="TRUE">String</attrtype><attwidth Sync="TRUE">254</attwidth><atprecis Sync="TRUE">0</atprecis><attscale Sync="TRUE">0</attscale></attr><attr><attrlabl Sync="TRUE">StateFIPS2</attrlabl><attalias Sync="TRUE">StateFIPS2</attalias><attrtype Sync="TRUE">String</attrtype><attwidth Sync="TRUE">254</attwidth><atprecis Sync="TRUE">0</atprecis><attscale Sync="TRUE">0</attscale></attr><attr><attrlabl Sync="TRUE">StateName2</attrlabl><attalias Sync="TRUE">StateName2</attalias><attrtype Sync="TRUE">String</attrtype><attwidth Sync="TRUE">254</attwidth><atprecis Sync="TRUE">0</atprecis><attscale Sync="TRUE">0</attscale></attr><attr><attrlabl Sync="TRUE">UrbanAreaC</attrlabl><attalias Sync="TRUE">UrbanAreaC</attalias><attrtype Sync="TRUE">Double</attrtype><attwidth Sync="TRUE">19</attwidth><atprecis Sync="TRUE">0</atprecis><attscale Sync="TRUE">0</attscale></attr><attr><attrlabl Sync="TRUE">UrbanAreaN</attrlabl><attalias Sync="TRUE">UrbanAreaN</attalias><attrtype Sync="TRUE">String</attrtype><attwidth Sync="TRUE">254</attwidth><atprecis Sync="TRUE">0</atprecis><attscale Sync="TRUE">0</attscale></attr><attr><attrlabl Sync="TRUE">UrbanCore</attrlabl><attalias Sync="TRUE">UrbanCore</attalias><attrtype Sync="TRUE">Double</attrtype><attwidth Sync="TRUE">19</attwidth><atprecis Sync="TRUE">0</atprecis><attscale Sync="TRUE">0</attscale></attr><attr><attrlabl Sync="TRUE">UrbanCoreT</attrlabl><attalias Sync="TRUE">UrbanCoreT</attalias><attrtype Sync="TRUE">String</attrtype><attwidth Sync="TRUE">254</attwidth><atprecis Sync="TRUE">0</atprecis><attscale Sync="TRUE">0</attscale></attr><attr><attrlabl Sync="TRUE">PrimaryRUC</attrlabl><attalias Sync="TRUE">PrimaryRUC</attalias><attrtype Sync="TRUE">Double</attrtype><attwidth Sync="TRUE">19</attwidth><atprecis Sync="TRUE">0</atprecis><attscale Sync="TRUE">0</attscale></attr><attr><attrlabl Sync="TRUE">PrimaryR_1</attrlabl><attalias Sync="TRUE">PrimaryR_1</attalias><attrtype Sync="TRUE">String</attrtype><attwidth Sync="TRUE">254</attwidth><atprecis Sync="TRUE">0</atprecis><attscale Sync="TRUE">0</attscale></attr><attr><attrlabl Sync="TRUE">PrimaryDes</attrlabl><attalias Sync="TRUE">PrimaryDes</attalias><attrtype Sync="TRUE">Double</attrtype><attwidth Sync="TRUE">19</attwidth><atprecis Sync="TRUE">0</atprecis><attscale Sync="TRUE">0</attscale></attr><attr><attrlabl Sync="TRUE">PrimaryD_1</attrlabl><attalias Sync="TRUE">PrimaryD_1</attalias><attrtype Sync="TRUE">String</attrtype><attwidth Sync="TRUE">254</attwidth><atprecis Sync="TRUE">0</atprecis><attscale Sync="TRUE">0</attscale></attr><attr><attrlabl Sync="TRUE">SecondaryR</attrlabl><attalias Sync="TRUE">SecondaryR</attalias><attrtype Sync="TRUE">Double</attrtype><attwidth Sync="TRUE">19</attwidth><atprecis Sync="TRUE">0</atprecis><attscale Sync="TRUE">0</attscale></attr><attr><attrlabl Sync="TRUE">Secondar_1</attrlabl><attalias Sync="TRUE">Secondar_1</attalias><attrtype Sync="TRUE">String</attrtype><attwidth Sync="TRUE">254</attwidth><atprecis Sync="TRUE">0</atprecis><attscale Sync="TRUE">0</attscale></attr><attr><attrlabl Sync="TRUE">SecondaryD</attrlabl><attalias Sync="TRUE">SecondaryD</attalias><attrtype Sync="TRUE">Double</attrtype><attwidth Sync="TRUE">19</attwidth><atprecis Sync="TRUE">0</atprecis><attscale Sync="TRUE">0</attscale></attr><attr><attrlabl Sync="TRUE">Secondar_2</attrlabl><attalias Sync="TRUE">Secondar_2</attalias><attrtype Sync="TRUE">String</attrtype><attwidth Sync="TRUE">254</attwidth><atprecis Sync="TRUE">0</atprecis><attscale Sync="TRUE">0</attscale></attr><attr><attrlabl Sync="TRUE">Population</attrlabl><attalias Sync="TRUE">Population</attalias><attrtype Sync="TRUE">Double</attrtype><attwidth Sync="TRUE">19</attwidth><atprecis Sync="TRUE">0</atprecis><attscale Sync="TRUE">0</attscale></attr><attr><attrlabl Sync="TRUE">LandArea</attrlabl><attalias Sync="TRUE">LandArea</attalias><attrtype Sync="TRUE">Double</attrtype><attwidth Sync="TRUE">19</attwidth><atprecis Sync="TRUE">0</atprecis><attscale Sync="TRUE">0</attscale></attr><attr><attrlabl Sync="TRUE">PopDensity</attrlabl><attalias Sync="TRUE">PopDensity</attalias><attrtype Sync="TRUE">Double</attrtype><attwidth Sync="TRUE">19</attwidth><atprecis Sync="TRUE">0</atprecis><attscale Sync="TRUE">0</attscale></attr><attr><attrlabl Sync="TRUE">ObjectID_1</attrlabl><attalias Sync="TRUE">ObjectID_1</attalias><attrtype Sync="TRUE">Integer</attrtype><attwidth Sync="TRUE">9</attwidth><atprecis Sync="TRUE">9</atprecis><attscale Sync="TRUE">0</attscale></attr><attr><attrlabl Sync="TRUE">RUCA</attrlabl><attalias Sync="TRUE">RUCA</attalias><attrtype Sync="TRUE">Double</attrtype><attwidth Sync="TRUE">19</attwidth><atprecis Sync="TRUE">0</atprecis><attscale Sync="TRUE">0</attscale></attr><attr><attrlabl Sync="TRUE">S_RUCA</attrlabl><attalias Sync="TRUE">S_RUCA</attalias><attrtype Sync="TRUE">Double</attrtype><attwidth Sync="TRUE">19</attwidth><atprecis Sync="TRUE">0</atprecis><attscale Sync="TRUE">0</attscale></attr><attr><attrlabl Sync="TRUE">POP2020</attrlabl><attalias Sync="TRUE">POP2020</attalias><attrtype Sync="TRUE">Double</attrtype><attwidth Sync="TRUE">19</attwidth><atprecis Sync="TRUE">0</atprecis><attscale Sync="TRUE">0</attscale></attr><attr><attrlabl Sync="TRUE">AREAsqmi</attrlabl><attalias Sync="TRUE">AREAsqmi</attalias><attrtype Sync="TRUE">Double</attrtype><attwidth Sync="TRUE">19</attwidth><atprecis Sync="TRUE">0</atprecis><attscale Sync="TRUE">0</attscale></attr><attr><attrlabl Sync="TRUE">PopPerSqMi</attrlabl><attalias Sync="TRUE">PopPerSqMi</attalias><attrtype Sync="TRUE">Double</attrtype><attwidth Sync="TRUE">19</attwidth><atprecis Sync="TRUE">0</atprecis><attscale Sync="TRUE">0</attscale></attr></detailed></eainfo><mdDateSt Sync="TRUE">20250805</mdDateSt></metadata>
